Smile-1,Smile-2,Average log BB (in vivo values),TPSA,logP(o/w),a_acid+a_base
FCCCn1ccnc1[N+](=O)[O-],[O-][N+](=O)C1=NC=C[N]1CCCF,-0.24,63.64,0.891,0
FCCCCCCCCn1ccnc1[N+](=O)[O-],[O-][N+](=O)C1=NC=C[N]1CCCCCCCCF,-0.17,63.64,3.101,0
N1CCCc2c1cccc2,C1CNC2=C(C1)C=CC=C2,0.65,12.03,1.901,0
F[C@H]1C[C@@H]2[C@H]3[C@@H](CC[C@]2(C)[C@H]1O)c1c(cc(O)cc1)CC3,CC12CCC3C(CCC4=CC(=CC=C34)O)C1CC(F)C2O,-0.301,40.46,3.645,0
Ic1ccc(N2CC[NH+](CC2)CCCCCC)cc1,CCCCCC[NH+]1CCN(CC1)C2=CC=C(I)C=C2,1.01,7.68,4.817,1
Clc1cc2c(-n3c(CN=C2c2ccccc2F)cnc3CO)cc1,OCC1=NC=C2CN=C(C3=CC=CC=C3F)C4=CC(=CC=C4[N]12)Cl,-0.07,50.41,3.322,0
Ic1ccc(N2CC[NH+](CC2)[C@@H](CC)C)cc1,CCC(C)[NH+]1CCN(CC1)C2=CC=C(I)C=C2,1.38,7.68,3.953,1
O1[C@@H](CO)[C@H](C[C@@H]1N1C=CC(=NC1=O)N)CO,NC1=NC(=O)N(C=C1)C2CC(CO)C(CO)O2,-0.79,108.38,-1.348,0
Oc1cc2CCc3c(N(c2cc1)CCC[NH2+]C)cccc3,C[NH2+]CCCN1C2=C(CCC3=C1C=CC(=C3)O)C=CC=C2,0.53,40.08,3.565,1
FC=1C(=O)N(N(C)C=1C)c1ccccc1,CN1N(C2=CC=CC=C2)C(=O)C(=C1C)F,-0.05,23.55,1.583,0
Clc1cc2c(-n3c(nnc3C)[C@H](O)N=C2c2ccccc2)cc1,CC1=NN=C2C(O)N=C(C3=CC=CC=C3)C4=CC(=CC=C4[N]12)Cl,-1.48,63.3,3.504,0
Clc1cc2c(-n3c(cnc3C)[C@@H](O)N=C2c2ccccc2F)cc1,CC1=NC=C2C(O)N=C(C3=CC=CC=C3F)C4=CC(=CC=C4[N]12)Cl,-0.097,50.41,3.646,0
Ic1ccc(cc1C[NH+]1CCCCC1)C[NH+]1CCCCC1,IC1=CC=C(C[NH+]2CCCCC2)C=C1C[NH+]3CCCCC3,0.98,8.88,5.177,2
IC=1C(=O)N(N(C)C=1C)c1ccccc1,CN1N(C2=CC=CC=C2)C(=O)C(=C1C)I,-0.1,23.55,2.62,0
Ic1ccc(N[C@@H](CC)C)cc1N[C@H](CC)C,CCC(C)NC1=CC=C(I)C(=C1)NC(C)CC,0.64,24.06,5.259,0
O=C1NC(=O)NC(=O)C1(CCCC)CC,CCCCC1(CC)C(=O)NC(=O)NC1=O,0.189,75.27,1.769,0
O=C1NC(=O)NC(=O)C1(CCCCCCC)CC,CCCCCCCC1(CC)C(=O)NC(=O)NC1=O,0.019,75.27,3.095,0
O=C1NC(=O)NC(=O)C1(CCCCCC)CC,CCCCCCC1(CC)C(=O)NC(=O)NC1=O,0.362,75.27,2.653,0
O=C1NC(=O)NC(=O)C1(CC)C,CCC1(C)C(=O)NC(=O)NC1=O,-0.001,75.27,0.443,0
O=C1NC(=O)NC(=O)C1(CCCCCCCC)CC,CCCCCCCCC1(CC)C(=O)NC(=O)NC1=O,0.241,75.27,3.537,0
O=C1NC(=O)NC(=O)C1(CCCCC)CC,CCCCCC1(CC)C(=O)NC(=O)NC1=O,0.088,75.27,2.211,0
O=C1NC(=O)NC(=O)C1(CCC)CC,CCCC1(CC)C(=O)NC(=O)NC1=O,0.088,75.27,1.327,0
Fc1cc2onc(c2cc1)C1CC[NH+](CC1)CCC=1C(=O)N2C[C@H](O)CCC2=NC=1C,CC1=C(CC[NH+]2CCC(CC2)C3=NOC4=C3C=CC(=C4)F)C(=O)N5CC(O)CCC5=N1,-0.67,83.37,1.781,1
O(C[C@H](O)C[NH2+]C(C)C)c1ccc(NC(=O)CCC)cc1C(=O)C,CCCC(=O)NC1=CC(=C(OCC(O)C[NH2+]C(C)C)C=C1)C(C)=O,-0.15,92.24,1.797,1
Oc1ccc(NC(=O)C)cc1,CC(=O)NC1=CC=C(O)C=C1,-0.463,49.33,0.889,0
N#CC=C,C=CC#N,-0.4,23.79,0.44,0
O=C1NC(=Nc2n(cnc12)COCCO)N,NC1=NC2=C(N=C[N]2COCCO)C(=O)N1,-0.836,114.76,-1.599,0
S(c1ccc(cc1N)CCF)c1ccccc1N(C)C,CN(C)C1=C(SC2=CC=C(CCF)C=C2N)C=CC=C1,0.549,29.26,3.803,0
F[C@@H]1C[C@H](O[C@H]1CO)N1C=C(C)C(=O)NC1=O,CC1=CN(C2CC(F)C(CO)O2)C(=O)NC1=O,-0.59,78.87,-0.98,0
[O-][n+]1ccc(cc1)\C=[N+](\[O-])/C(C)(C)C,CC(C)(C)[N+](/[O-])=C\C1=CC=[N+]([O-])C=C1,-0.38,54.21,2.38,0
Clc1cc2c(-n3c(nnc3CO)CN=C2c2ccccc2)cc1,OCC1=NN=C2CN=C(C3=CC=CC=C3)C4=CC(=CC=C4[N]12)Cl,-1.27,63.3,3.18,0
Clc1cc2c(-n3c(nnc3C)CN=C2c2ccccc2)cc1,CC1=NN=C2CN=C(C3=CC=CC=C3)C4=C(C=CC(=C4)Cl)[N]12,0.019,43.07,4,0
O(C[C@H](O)C[NH2+]C(C)C)c1ccccc1CC=C,CC(C)[NH2+]CC(O)COC1=C(CC=C)C=CC=C1,-0.23,46.07,2.621,1
O=C1N(N(C)C(C)=C1N(C)C)c1ccccc1,CN(C)C1=C(C)N(C)N(C2=CC=CC=C2)C1=O,0,26.79,1.345,0
O=C1NC(=O)NC(=O)C1(CCC(C)C)CC,CCC1(CCC(C)C)C(=O)NC(=O)NC1=O,0.04,75.27,2.127,0
[NH3+][C@H](Cc1ccccc1)C,CC([NH3+])CC1=CC=CC=C1,0.93,27.64,1.712,1
S(=O)(=O)(N(CC(C)C)C[C@@H](O)[C@H](NC(O[C@@H]1CCOC1)=O)Cc1ccccc1)c1ccc(N)cc1,CC(C)CN(CC(O)C(CC1=CC=CC=C1)NC(=O)OC2CCOC2)[S](=O)(=O)C3=CC=C(N)C=C3,-0.56,131.19,2.385,0
O=C1N(N(C)C(=C1)C)c1ccccc1,CN1N(C(=O)C=C1C)C2=CC=CC=C2,-0.118,23.55,1.351,0
O=C1C[C@@H](CC1)c1[nH]c2c(n1)N(CCC)C(=O)N(CCC)C2=O,CCCN1C(=O)N(CCC)C2=C([NH]C(=N2)C3CCC(=O)C3)C1=O,-1.4,86.37,0.888,0
O(C[C@H](O)C[NH2+]C(C)C)c1ccc(cc1)CC(=O)N,CC(C)[NH2+]CC(O)COC1=CC=C(CC(N)=O)C=C1,-0.922,89.16,0.732,1
O(C(=O)[C@H](CO)c1ccccc1)C1C[C@@H]2[NH+]([C@H](C1)CC2)C,C[NH+]1C2CCC1CC(C2)OC(=O)C(CO)C3=CC=CC=C3,-0.06,50.97,2.402,1
O=C1NC(=O)NC(=O)C1(CC)CC,CCC1(CC)C(=O)NC(=O)NC1=O,-0.139,75.27,0.885,0
S(Cc1ncccc1)CCNc1[nH]ccc1[N+](=O)[O-],[O-][N+](=O)C1=C(NCCSCC2=NC=CC=C2)[NH]C=C1,-0.66,86.53,1.897,0
S(Cc1ncccc1)CCNc1[nH]cc(Cc2ccccc2)c1[N+](=O)[O-],[O-][N+](=O)C1=C(NCCSCC2=NC=CC=C2)[NH]C=C1CC3=CC=CC=C3,-0.12,86.53,3.942,0
S(Cc1oc(cc1)C[NH+](C)C)CCNc1[nH]ccc1[N+](=O)[O-],C[NH+](C)CC1=CC=C(CSCCNC2=C(C=C[NH]2)[N+]([O-])=O)O1,-1.12,91.22,1.811,1
O(CCCNc1[nH+]cccc1)c1cc(ccc1)C[NH+]1CCCCC1,C1CC[NH+](CC1)CC2=CC(=CC=C2)OCCCNC3=CC=CC=[NH+]3,0.69,39.84,4.295,3
s1cc(nc1\N=C(\N)/N)-c1cc(N\C(=N/C#N)\NC)ccc1,CNC(NC1=CC=CC(=C1)C2=CSC(=N2)N=C(N)N)=NC#N,-1.54,137.5,1.278,0
S(Cc1oc(cc1)C[NH+](C)C)CCNc1[nH]cc(Cc2ccccc2)c1[N+](=O)[O-],C[NH+](C)CC1=CC=C(CSCCNC2=C(C(=C[NH]2)CC3=CC=CC=C3)[N+]([O-])=O)O1,-0.73,91.22,3.856,1
O1c2c([C@@H]3C[N@@H+](CC[C@]3(O)c3c1cccc3)C)cccc2C,C[NH+]1CCC2(O)C(C1)C3=C(OC4=C2C=CC=C4)C(=CC=C3)C,0.82,33.9,3.205,1
Brc1ccc(N2CN(CC)C(=O)C23CC[NH+](CC3)CCCC(=O)c2ccc(F)cc2)cc1,CCN1CN(C2=CC=C(Br)C=C2)C3(CC[NH+](CCCC(=O)C4=CC=C(F)C=C4)CC3)C1=O,-0.43,45.06,4.664,1
O(C[C@H](O)C[NH2+]C(C)C)c1ccc(cc1)CCOCC1CC1,CC(C)[NH2+]CC(O)COC1=CC=C(CCOCC2CC2)C=C1,0.39,55.3,2.698,1
O[C@](CC[NH+]1CCCCC1)([C@H]1[C@H]2C=C[C@@H](C1)C2)c1ccccc1,OC(CC[NH+]1CCCCC1)(C2CC3CC2C=C3)C4=CC=CC=C4,0.848,24.67,3.865,1
Clc1c2c(-n3c(CN(C)C2=O)c(nc3)-c2nc(on2)[C@@](O)(CO)C)ccc1,CN1CC2=C(N=C[N]2C3=CC=CC(=C3C1=O)Cl)C4=NOC(=N4)C(C)(O)CO,-1.82,117.51,0.621,0
Oc1ccc(cc1)C(C)(C)c1ccc(O)cc1,CC(C)(C1=CC=C(O)C=C1)C2=CC=C(O)C=C2,-0.12,40.46,4.714,0
O1c2cc(ccc2OC1)C1(OC)CCC([NH+]2CCC(CC2)Cc2cc(OC)ccc2)CC1,COC1=CC(=CC=C1)CC2CC[NH+](CC2)C3CCC(CC3)(OC)C4=CC5=C(OCO5)C=C4,0.74,41.36,5.99,1
Brc1ccc(N2CN(C)C(=O)C23CC[NH+](CC3)CCCC(=O)c2ccc(F)cc2)cc1,CN1CN(C2=CC=C(Br)C=C2)C3(CC[NH+](CCCC(=O)C4=CC=C(F)C=C4)CC3)C1=O,-0.55,45.06,4.323,1
Brc1ccc(N2CN(CCC)C(=O)C23CC[NH+](CC3)CCCC(=O)c2ccc(F)cc2)cc1,CCCN1CN(C2=CC=C(Br)C=C2)C3(CC[NH+](CCCC(=O)C4=CC=C(F)C=C4)CC3)C1=O,-0.01,45.06,5.278,1
Brc1c2c(-n3c([C@@H]4N(CCC4)C2=O)c(nc3)C(OC(C)(C)C)=O)ccc1,CC(C)(C)OC(=O)C1=C2C3CCCN3C(=O)C4=C(C=CC=C4Br)[N]2C=N1,-0.09,64.43,3.52,0
Brc1[nH]c2c3c1C[C@H]1[N@@H+](C[C@@H](C=C1c3ccc2)C(=O)N[C@@]1(O[C@]2(O)N([C@@H](CC(C)C)C(=O)N3[C@H]2CCC3)C1=O)C(C)C)C,CC(C)CC1N2C(=O)C(NC(=O)C3C[NH+](C)C4CC5=C(Br)[NH]C6=CC=CC(=C56)C4=C3)(OC2(O)C7CCCN7C1=O)C(C)C,-1.1,119.41,5.1,1
BrC1=CC=C2N(C[C@H]3C[C@@H]2C[NH2+]C3)C1=O,BrC1=CC=C2C3C[NH2+]CC(C3)CN2C1=O,-0.05,36.92,1.123,1
Brc1ccc(cc1)C1(O)CC[NH+](CC1)CCC(=O)c1ccc(F)cc1,OC1(CC[NH+](CCC(=O)C2=CC=C(F)C=C2)CC1)C3=CC=C(Br)C=C3,1.38,41.74,4.362,1
Brc1ccc(N2CNC(=O)C23CC[NH+](CC3)CCCC(=O)c2ccc(F)cc2)cc1,FC1=CC=C(C=C1)C(=O)CCC[NH+]2CCC3(CC2)N(CNC3=O)C4=CC=C(Br)C=C4,0.07,53.85,4.126,1
O(C[C@@H](O)C[NH2+]C(C)(C)C)c1ccccc1C#N,CC(C)(C)[NH2+]CC(O)COC1=C(C=CC=C1)C#N,0.38,69.86,1.766,1
Clc1cc(ccc1)C(=O)[C@H]([NH2+]C(C)(C)C)C,CC([NH2+]C(C)(C)C)C(=O)C1=CC(=CC=C1)Cl,1.4,33.68,3.543,1
O=C1N(CCCC[NH+]2CCN(CC2)c2ncccn2)C(=O)CC2(C1)CCCC2,O=C1CC2(CCCC2)CC(=O)N1CCCC[NH+]3CCN(CC3)C4=NC=CC=N4,0.48,70.84,0.809,1
S1c2c(N(c3c1cccc3)CCC[NH+]1CC[NH+](CC1)C)cc(cc2)C(=O)CCC,CCCC(=O)C1=CC2=C(SC3=C(C=CC=C3)N2CCC[NH+]4CC[NH+](C)CC4)C=C1,0.83,29.19,4.327,2
O(C(=O)c1ccc(N)cc1)CCCC,CCCCOC(=O)C1=CC=C(N)C=C1,0.42,52.32,2.572,0
O=C1N(C)C(=O)N(c2ncn(c12)C)C,C[N]1C=NC2=C1C(=O)N(C)C(=O)N2C,-0.022,58.44,-0.604,0
O=C(N)N1c2c(C=Cc3c1cccc3)cccc2,NC(=O)N1C2=C(C=CC=C2)C=CC3=C1C=CC=C3,-0.07,46.33,2.968,0
O1[C@H]2[C@@H]1c1c(N(c3c2cccc3)C(=O)N)cccc1,NC(=O)N1C2=C(C=CC=C2)C3OC3C4=C1C=CC=C4,-0.347,58.86,2.132,0
ClCCN(N=O)C(=O)NCCCl,ClCCNC(=O)N(CCCl)N=O,-0.52,61.77,0.871,0
O(C[C@@H](O)C[NH2+]C(C)(C)C)c1c2CCC(=O)Nc2ccc1,CC(C)(C)[NH2+]CC(O)COC1=C2CCC(=O)NC2=CC=C1,-0.4,75.17,1.265,1
S1\C(\SC1C(=O)N[C@]1(OC)[C@H]2SCC(CSc3nnnn3C)=C(N2C1=O)C(=O)[O-])=C(/C(=O)N)\C(=O)[O-],COC1(NC(=O)[CH]2S[C](S2)=[C](C(N)=O)C([O-])=O)C3SCC(=C(N3C1=O)C([O-])=O)CSC4=NN=N[N]4C,-1.89,225.59,-0.5,4
Clc1ccc(cc1)[C@H]([NH+]1CC[NH+](CC1)CCOCC(=O)[O-])c1ccccc1,[O-]C(=O)COCC[NH+]1CC[NH+](CC1)C(C2=CC=CC=C2)C3=CC=C(Cl)C=C3,-2.15,58.24,3.525,4
ClCCN(CCCl)c1ccc(cc1)CCCC(=O)[O-],[O-]C(=O)CCCC1=CC=C(C=C1)N(CCCl)CCCl,-1.7,43.37,3.345,2
Clc1cc2N(c3c(Sc2cc1)cccc3)CCC[NH+](C)C,C[NH+](C)CCCN1C2=C(SC3=C1C=C(Cl)C=C3)C=CC=C2,0.95,7.68,4.624,1
S(Cc1nc[nH]c1C)CCN\C(=N\C#N)\NC,CNC(NCCSCC1=C(C)[NH]C=N1)=NC#N,-1.42,88.89,-0.113,0
Clc1cc2N(C(=O)CC(=O)N(c2cc1)C)c1ccccc1,CN1C(=O)CC(=O)N(C2=CC=CC=C2)C3=C1C=CC(=C3)Cl,0.35,40.62,2.647,0
Clc1cccc(Cl)c1NC1=[NH+]CCN1,ClC1=C(NC2=[NH+]CCN2)C(=CC=C1)Cl,0.15,38.03,2.944,3
O(C(=O)c1ccccc1)[C@H]1C[C@H]2[N@H+]([C@H](CC2)[C@H]1C(OC)=O)C,COC(=O)C1C(CC2CCC1[NH+]2C)OC(=O)C3=CC=CC=C3,0.6,57.04,2.423,1
O=C1N(N=C(C=C1)c1c2n(nc1-c1ccccc1)C=CC=C2)CC(O)(C)C,CC(C)(O)CN1N=C(C=CC1=O)C2=C3C=CC=C[N]3N=C2C4=CC=CC=C4,-0.23,70.72,2.912,0
O=C1N(N=C(C=C1)c1c2n(nc1-c1ccccc1)C=CC=C2)CC(=O)N(C)C,CN(C)C(=O)CN1N=C(C=CC1=O)C2=C3C=CC=C[N]3N=C2C4=CC=CC=C4,-1,70.8,2.061,0
O=C1N(N=C(C=C1)c1c2n(nc1-c1ccccc1)C=CC=C2)CC[NH+]1CCCCC1,O=C1C=CC(=NN1CC[NH+]2CCCCC2)C3=C4C=CC=C[N]4N=C3C5=CC=CC=C5,0.38,54.93,3.588,1
O=C1N(N=C(C=C1)c1c2n(nc1-c1ccccc1)C=CC=C2)C1CC[NH+](CC1)C,C[NH+]1CCC(CC1)N2N=C(C=CC2=O)C3=C4C=CC=C[N]4N=C3C5=CC=CC=C5,0.06,54.93,3.267,1
O=C1N(N=C(C=C1)c1c2n(nc1-c1ccccc1)C=CC=C2)CC(=O)C,CC(=O)CN1N=C(C=CC1=O)C2=C3C=CC=C[N]3N=C2C4=CC=CC=C4,-0.31,67.56,2.418,0
FC1(F)C[C@@H](CC1)[C@](O)(C(=O)NC1CC[NH+](CC1)Cc1[nH+]c(N)ccc1)c1ccccc1,NC1=[NH+]C(=CC=C1)C[NH+]2CCC(CC2)NC(=O)C(O)(C3CCC(F)(F)C3)C4=CC=CC=C4,-0.89,93.93,4.252,3
O=C1N(C)[C@@H](CC1)c1cccnc1,CN1C(CCC1=O)C2=CC=CN=C2,-0.252,33.2,0.468,0
O=C1N(C)[C@H](CC(C)C)C(=O)N(C)[C@H]([C@H](O)[C@@H](\C=C\C)C)C(=O)N[C@H](CC)C(=O)N(CC(=O)N(C)[C@H](CC(C)C)C(=O)N[C@H](C(C)C)C(=O)N(C)[C@H](CC(C)C)C(=O)N[C@H](C)C(=O)N[C@H](C)C(=O)N(C)[C@H](CC(C)C)C(=O)N(C)[C@@H]1CC(C)C)C,CCC1NC(=O)C(C(O)C(C)\C=C\C)N(C)C(=O)C(CC(C)C)N(C)C(=O)C(CC(C)C)N(C)C(=O)C(CC(C)C)N(C)C(=O)C(C)NC(=O)C(C)NC(=O)C(CC(C)C)N(C)C(=O)C(NC(=O)C(CC(C)C)N(C)C(=O)CN(C)C1=O)C(C)C,-0.781,278.8,5.304,0
O=C1N2C(C3CC(C2)CNC3)=CC=C1,O=C1C=CC=C2C3CNCC(C3)CN12,-1.09,32.34,0.246,0
O1C=C(C(=O)c2c1cc(O)cc2)c1ccc(O)cc1,OC1=CC=C(C=C1)C2=COC3=CC(=CC=C3C2=O)O,-0.15,66.76,2.188,0
O1CCc2cc(ccc12)CC[N@@H+]1C[C@H](CC1)C(C(=O)N)(c1ccccc1)c1ccccc1,NC(=O)C(C1CC[NH+](CCC2=CC3=C(OCC3)C=C2)C1)(C4=CC=CC=C4)C5=CC=CC=C5,-0.62,56.76,5.104,1
[NH2+](CCCN1c2c(CCc3c1cccc3)cccc2)C,C[NH2+]CCCN1C2=CC=CC=C2CCC3=CC=CC=C13,1.033,19.85,3.836,1
[NH3+]CCCN1c2c(CCc3c1cccc3)cccc2,[NH3+]CCCN1C2=C(CCC3=CC=CC=C13)C=CC=C2,1.01,30.88,3.311,1
Clc1cc2N(C(=O)CC(=O)Nc2cc1)c1ccccc1,ClC1=CC=C2NC(=O)CC(=O)N(C3=CC=CC=C3)C2=C1,0.24,49.41,2.45,0
S1c2c(N(c3c1cccc3)CCC[NH2+]C)cccc2,C[NH2+]CCCN1C2=C(SC3=CC=CC=C13)C=CC=C2,0.59,19.85,3.727,1
Clc1cc2c(N(C)C(=O)CN=C2c2ccccc2)cc1,CN1C(=O)CN=C(C2=CC=CC=C2)C3=CC(=CC=C13)Cl,0.346,32.67,3.109,0
O1CC(=CC1=O)[C@H]1CC[C@@]2(O)[C@H]3[C@H](C[C@H](O)[C@@]12C)[C@]1([C@@H](C[C@H](O[C@@H]2O[C@@H](C)[C@@H](O[C@H]4O[C@H](C)[C@@H](O[C@H]5O[C@H](C)[C@@H](O)[C@H](O)C5)[C@H](O)C4)[C@H](O)C2)CC1)CC3)C,CC1OC(CC(O)C1O)OC2C(O)CC(OC2C)OC3C(O)CC(OC3C)OC4CCC5(C)C(CCC6C5CC(O)C7(C)C(CCC67O)C8=CC(=O)OC8)C4,-1.23,203.06,3.324,0
O(C(c1ccccc1)c1ccccc1)CC[NH+](C)C,C[NH+](C)CCOC(C1=CC=CC=C1)C2=CC=CC=C2,1.26,13.67,3.782,1
O=C1C=C(Nc2cc([N+](=O)[O-])ccc2)C[C@@H](C)[C@H]1C(OC)=O,COC(=O)C1C(C)CC(=CC1=O)NC2=CC(=CC=C2)[N+]([O-])=O,-1,101.22,2.172,0
FC(F)(F)Oc1cc(NC2=CC(=O)[C@H](C(OC)=O)[C@@H](C2)C)ccc1,COC(=O)C1C(C)CC(=CC1=O)NC2=CC(=CC=C2)OC(F)(F)F,-0.17,64.63,3.636,0
Clc1ccc(NC2=CC(=O)[C@H](C(OC)=O)[C@@H](C2)C)cc1,COC(=O)C1C(C)CC(=CC1=O)NC2=CC=C(Cl)C=C2,-0.95,55.4,2.792,0
Clc1cc2NC(=O)N(c2cc1)C1CC[NH+](CC1)CCCN1c2c(NC1=O)cccc2,ClC1=CC2=C(C=C1)N(C3CC[NH+](CCCN4C(=O)NC5=C4C=CC=C5)CC3)C(=O)N2,-0.878,69.12,2.755,1
O(C)c1cc2c(cc1OC)C[C@@H](CC1CC[NH+](CC1)Cc1ccccc1)C2=O,COC1=C(OC)C=C2C(=O)C(CC3CC[NH+](CC3)CC4=CC=CC=C4)CC2=C1,0.89,39.97,4.146,1
O1[C@@H](C)[C@@H](O)[C@@H]([NH3+])C[C@@H]1O[C@@H]1c2c(C[C@](O)(C1)C(=O)CO)c(O)c1c(C(=O)c3c(cccc3OC)C1=O)c2O,COC1=CC=CC2=C1C(=O)C3=C(C(=C4CC(O)(CC(OC5CC([NH3+])C(O)C(C)O5)C4=C3O)C(=O)CO)O)C2=O,-0.83,207.69,0.507,1
O([C@@](C)(c1ccccc1)c1ncccc1)CC[NH+](C)C,C[NH+](C)CCOC(C)(C1=CC=CC=C1)C2=NC=CC=C2,0.64,26.56,2.918,1
O(CC)c1ccccc1C(=O)N,CCOC1=C(C=CC=C1)C(N)=O,-0.046,52.32,1.144,0
O(C(=O)c1ccc(N)cc1)CC,CCOC(=O)C1=CC=C(N)C=C1,0.27,52.32,1.516,0
O1C[C@H]2[C@@H]([C@@H](c3c(cc4OCOc4c3)[C@H]2O[C@@H]2O[C@H]3[C@@H](O[C@@H](OC3)C)[C@H](O)[C@H]2O)c2cc(OC)c(O)c(OC)c2)C1=O,COC1=CC(=CC(=C1O)OC)C2C3C(COC3=O)C(OC4OC5COC(C)OC5C(O)C4O)C6=C2C=C7OCOC7=C6,-2,160.83,1.616,0
O=C(N(C1CC[NH+](CC1)CCc1ccccc1)c1ccccc1)CC,CCC(=O)N(C1CC[NH+](CC1)CCC2=CC=CC=C2)C3=CC=CC=C3,0.579,24.75,4.275,1
OC(C1CC[NH+](CC1)CCC[C@@H](O)c1ccc(cc1)C(C(=O)[O-])(C)C)(c1ccccc1)c1ccccc1,CC(C)(C([O-])=O)C1=CC=C(C=C1)C(O)CCC[NH+]2CCC(CC2)C(O)(C3=CC=CC=C3)C4=CC=CC=C4,-0.98,85.03,7.416,3
Fc1cc2c(-n3c(CN(C)C2=O)c(nc3)C(O[C@H](F)C)=O)cc1,CC(F)OC(=O)C1=C2CN(C)C(=O)C3=CC(=CC=C3[N]2C=N1)F,-0.093,64.43,1.705,0
Fc1ccc(cc1)C(=O)NCC[NH+]1CCN(CC1)c1c2OC[C@@H](Oc2ccc1)CO,OCC1COC2=C(C=CC=C2O1)N3CC[NH+](CCNC(=O)C4=CC=C(F)C=C4)CC3,-0.447,75.47,1.397,1
Fc1cc2c(-n3c(CN(C)C2=O)c(nc3)C(OCC)=O)cc1,CCOC(=O)C1=C2CN(C)C(=O)C3=CC(=CC=C3[N]2C=N1)F,-0.29,64.43,1.392,0
Fc1ccccc1C1=NCC(=O)N(c2c1cc([N+](=O)[O-])cc2)C,CN1C(=O)CN=C(C2=C(F)C=CC=C2)C3=C1C=CC(=C3)[N+]([O-])=O,0.06,78.49,2.603,0
Fc1cc2c(-n3c(CN(CCF)C2=O)c(nc3)C(OCC)=O)cc1,CCOC(=O)C1=C2CN(CCF)C(=O)C3=CC(=CC=C3[N]2C=N1)F,-0.14,64.43,1.507,0
FC(F)(F)c1ccc(O[C@@H](CC[NH2+]C)c2ccccc2)cc1,C[NH2+]CCC(OC1=CC=C(C=C1)C(F)(F)F)C2=CC=CC=C2,0.72,25.84,4.757,1
FC(F)(F)c1ccc(cc1)/C(=N\OCC[NH3+])/CCCCOC,COCCCC\C(=N\OCC[NH3+])C1=CC=C(C=C1)C(F)(F)F,0.79,58.46,3.231,1
O1[C@H]2[C@]3(CC[N@H+](Cc4c3c1c(OC)cc4)C)C=C[C@H](O)C2,COC1=CC=C2C[NH+](C)CCC34C=CC(O)CC3OC1=C24,0.32,43.13,2.491,1
Oc1ccc(O)cc1C(=O)[O-],OC1=CC=C(O)C(=C1)C([O-])=O,0.08,80.59,1.123,2
O=C1[C@@H]2[C@@](CC[C@@H]3[C@]2(CC[C@@H](O)C3(C)C)C)(C)[C@]2(CC[C@@]3([C@@H](C2=C1)C[C@](CC3)(C(=O)[O-])C)C)C,CC1(C)C(O)CCC2(C)C1CCC3(C)C2C(=O)C=C4C5CC(C)(CCC5(C)CCC34C)C([O-])=O,-1.399,77.43,5.714,2
Clc1ccc(cc1)C1(O)CC[NH+](CC1)CCCC(=O)c1ccc(F)cc1,OC1(CC[NH+](CCCC(=O)C2=CC=C(F)C=C2)CC1)C3=CC=C(Cl)C=C3,1.34,41.74,4.598,1
O=C(N)C[C@](O)(CC)c1ccccc1,CCC(O)(CC(N)=O)C1=CC=CC=C1,0.04,63.32,1.385,0
O=C1N(C)C(=O)NC(=O)[C@]1(C)C=1CCCCC=1,CN1C(=O)NC(=O)C(C)(C1=O)C2=CCCCC2,-0.022,66.48,0.955,0
Clc1ccc(cc1)[C@H]([NH+]1CC[NH+](CC1)CCOCCO)c1ccccc1,OCCOCC[NH+]1CC[NH+](CC1)C(C2=CC=CC=C2)C3=CC=C(Cl)C=C3,0.285,38.34,3.205,2
Ic1scc(c1)C(=O)CCC[NH+]1CCC2(N(CN(C)C2=O)c2ccccc2)CC1,CN1CN(C2=CC=CC=C2)C3(CC[NH+](CCCC(=O)C4=CSC(=C4)I)CC3)C1=O,-0.252,45.06,4.461,1
I\C=C\C[NH+]1CCC(CC1)COc1ccc(cc1)C#N,I\C=C\C[NH+]1CCC(CC1)COC2=CC=C(C=C2)C#N,1.132,37.46,3.594,1
O=C([O-])[C@H](C)c1ccc(cc1)CC(C)C,CC(C)CC1=CC=C(C=C1)C(C)C([O-])=O,-0.18,40.13,3.735,2
O(C)c1cccnc1CCCCNC=1NC(=O)C(=CN=1)Cc1ccc(nc1)C,COC1=CC=CN=C1CCCCNC2=NC=C(CC3=CC=C(C)N=C3)C(=O)N2,-2,88.5,1.557,0
[NH+](CCCN1c2c(CCc3c1cccc3)cccc2)(C)C,C[NH+](C)CCCN1C2=C(CCC3=C1C=CC=C3)C=CC=C2,1.033,7.68,4.104,1
O[C@@H]1Cc2c(cccc2)[C@@H]1NC(=O)[C@H](Cc1ccccc1)C[C@H](O)C[N@@H+]1CC[N@H+](C[C@H]1C(=O)NC(C)(C)C)Cc1cccnc1,CC(C)(C)NC(=O)C1C[NH+](CC[NH+]1CC(O)CC(CC2=CC=CC=C2)C(=O)NC3C(O)CC4=C3C=CC=C4)CC5=CC=CN=C5,-0.741,120.43,2.764,2
Clc1ccc(cc1)C(=O)n1c2c(cc(OC)cc2)c(CC(=O)[O-])c1C,COC1=CC2=C(C=C1)[N](C(=C2CC([O-])=O)C)C(=O)C3=CC=C(Cl)C=C3,-1.26,71.36,4.494,2
O=C([O-])\C=C(/C=C/C=C(\C=C\C=1C(CCCC=1C)(C)C)/C)\C,CC1=C(\C=C\C(C)=C\C=C\C(C)=C/C([O-])=O)C(C)(C)CCC1,-0.494,40.13,4.75,2
Clc1c2c(-n3c(CN(C)C2=O)c(nc3)-c2nc(on2)C(C)C)ccc1,CC(C)C1=NC(=NO1)C2=C3CN(C)C(=O)C4=C(Cl)C=CC=C4[N]3C=N2,-0.3,77.05,2.452,0
Clc1c(cccc1Cl)-c1nnc(nc1N)N,NC1=NN=C(C(=N1)N)C2=CC=CC(=C2Cl)Cl,0.48,90.71,2.491,0
Oc1cc(ccc1O)C[C@@H]([NH3+])C(=O)[O-],[NH3+]C(CC1=CC=C(O)C(=C1)O)C([O-])=O,-0.77,108.23,0.416,3
Oc1cc2[C@]34[C@H]([C@@H]([N@@H+](CC3)C)Cc2cc1)CCCC4,C[NH+]1CCC23CCCCC2C1CC4=CC=C(O)C=C34,0,24.67,3.292,1
O=C(Nc1c(cccc1C)C)C[NH+](CC)CC,CC[NH+](CC)CC(=O)NC1=C(C)C=CC=C1C,0.34,33.54,2.222,1
Clc1ccc(cc1)C1(O)CC[NH+](CC1)CCC(C(=O)N(C)C)(c1ccccc1)c1ccccc1,CN(C)C(=O)C(CC[NH+]1CCC(O)(CC1)C2=CC=C(Cl)C=C2)(C3=CC=CC=C3)C4=CC=CC=C4,0.77,44.98,6.352,1
Clc1ccccc1C1=N[C@@H](O)C(=O)Nc2c1cc(Cl)cc2,OC1N=C(C2=C(Cl)C=CC=C2)C3=C(NC1=O)C=CC(=C3)Cl,0.44,61.69,3.006,0
S(CCC[NH+]1CCN(CC1)c1nc(nc(c1)C(F)(F)F)C(C)(C)C)C=1NC(=O)C=CN=1,CC(C)(C)C1=NC(=CC(=N1)N2CC[NH+](CCCSC3=NC=CC(=O)N3)CC2)C(F)(F)F,0.3,74.92,2.232,1
S(Cc1oc(cc1)C[NH+](C)C)CCNC=1NC(=O)C(=CN=1)Cc1ccc(nc1)C,C[NH+](C)CC1=CC=C(CSCCNC2=NC=C(CC3=CN=C(C)C=C3)C(=O)N2)O1,-1.06,83.96,1.099,1
OC[C@H](O)[C@H](O)[C@@H](O)[C@@H](O)CO,OCC(O)C(O)C(O)C(O)CO,-1.6,121.38,-3.39,0
FC(F)(F)c1c2nc(cc(c2ccc1)[C@H](O)[C@@H]1[NH2+]CCCC1)C(F)(F)F,OC(C1CCCC[NH2+]1)C2=CC(=NC3=C(C=CC=C23)C(F)(F)F)C(F)(F)F,0.63,49.73,4.275,1
S1c2c(N(c3c1cccc3)CC[C@H]1[N@@H+](CCCC1)C)cc(S(=O)C)cc2,C[NH+]1CCCCC1CCN2C3=CC=CC=C3SC4=C2C=C(C=C4)[S](C)=O,-0.185,43.96,3.732,1
[NH2+]([C@H](Cc1ccccc1)C)C,C[NH2+]C(C)CC1=CC=CC=C1,0.93,16.61,2.237,1
O=C1N(C)C(=O)NC(=O)[C@]1([C@H](C#CCC)C)CC=C,CCC#CC(C)C1(CC=C)C(=O)NC(=O)N(C)C1=O,-0.06,66.48,1.727,0
O=C(N[C@H](CCC(=O)[O-])C(=O)[O-])c1ccc(N(Cc2nc3c(nc(nc3N)N)nc2)C)cc1,CN(CC1=CN=C2N=C(N)N=C(N)C2=N1)C3=CC=C(C=C3)C(=O)NC(CCC([O-])=O)C([O-])=O,-1.52,216.2,-0.198,4
O(C[C@H](O)C[NH2+]C(C)C)c1ccc(cc1)CCOC,COCCC1=CC=C(OCC(O)C[NH2+]C(C)C)C=C1,1.15,55.3,1.879,1
[N@H+]1(CCN2[C@H](c3c(Cc4c2cccc4)cccc3)C1)C,C[NH+]1CCN2C(C1)C3=C(CC4=C2C=CC=C4)C=CC=C3,0.99,7.68,3.331,1
Clc1cc2c(-n3c(CN=C2c2ccccc2F)cnc3C)cc1,CC1=NC=C2CN=C(C3=CC=CC=C3F)C4=CC(=CC=C4[N]12)Cl,0.398,30.18,4.142,0
O1c2c(OC1)cc1N(OC)C=C(C(=O)[O-])C(=O)c1c2,CON1C=C(C([O-])=O)C(=O)C2=CC3=C(OCO3)C=C12,-0.92,88.13,0.992,2
[nH+]1c2N3[C@H](c4c(Cc2ccc1)cccc4)C[N@@H+](CC3)C,C[NH+]1CCN2C(C1)C3=C(CC4=CC=C[NH+]=C24)C=CC=C3,0.53,21.82,2.999,3
FCOC[C@@H](O)Cn1ccnc1[N+](=O)[O-],OC(COCF)C[N]1C=CN=C1[N+]([O-])=O,-0.01,93.1,-0.096,0
[NH2+]1[C@@H]2Cc3c(cccc3)[C@]1(c1c2cccc1)C,CC12[NH2+]C(CC3=C1C=CC=C3)C4=C2C=CC=C4,1.11,16.61,3.848,1
Clc1c2c(-n3c(CN(C)C2=O)c(nc3)-c2nc(on2)C(O)(C)C)ccc1,CN1CC2=C(N=C[N]2C3=CC=CC(=C3C1=O)Cl)C4=NOC(=N4)C(C)(C)O,-1.34,97.28,1.656,0
O1[C@@H]2[C@]34[C@@H]([C@H]([N@H+](CC3)C)Cc3c4c1c(O)cc3)C=C[C@H]2O,C[NH+]1CCC23C4OC5=C2C(=CC=C5O)CC1C3C=CC4O,-0.405,54.13,0.937,1
Fc1ccc(cc1)C(=O)CCC[NH+]1CCC2(N(CN(C)C2=O)c2ccccc2)CC1,CN1CN(C2=CC=CC=C2)C3(CC[NH+](CCCC(=O)C4=CC=C(F)C=C4)CC3)C1=O,0.46,45.06,3.525,1
O=C1c2ccc(nc2N(C=C1C(=O)[O-])CC)C,CCN1C=C(C([O-])=O)C(=O)C2=CC=C(C)N=C12,-0.659,73.33,0.881,2
S(C[C@H](NC(=O)c1cccc(O)c1C)[C@H](O)C[N@H+]1C[C@H]2[C@@H](C[C@@H]1C(=O)NC(C)(C)C)CCCC2)c1ccccc1,CC1=C(C=CC=C1O)C(=O)NC(CSC2=CC=CC=C2)C(O)C[NH+]3CC4CCCCC4CC3C(=O)NC(C)(C)C,-0.93,103.1,5.362,1
O=C1Nc2c(nccc2C)N(c2ncccc12)C1CC1,CC1=CC=NC2=C1NC(=O)C3=CC=CN=C3N2C4CC4,0,58.12,1.897,0
[N@@H+]1(CCC[C@H]1c1cccnc1)C,C[NH+]1CCCC1C2=CN=CC=C2,0.345,17.33,1.375,1
Clc1cc2N(c3c(Sc2cc1)cccc3)CCC[NH2+]C,C[NH2+]CCCN1C2=CC=CC=C2SC3=CC=C(Cl)C=C13,1.37,19.85,4.356,1
Clc1cc2N(c3c(Sc2cc1)cccc3)CCC[NH3+],[NH3+]CCCN1C2=CC=CC=C2SC3=CC=C(Cl)C=C13,0.97,30.88,3.831,1
Clc1cc2c(NC(=O)CN=C2c2ccccc2)cc1,ClC1=CC2=C(NC(=O)CN=C2C3=CC=CC=C3)C=C1,0.555,41.46,2.912,0
[NH2+]1CCC[C@@H]1c1cccnc1,C1C[NH2+]C(C1)C2=CN=CC=C2,0.32,29.5,1.107,1
S1c2c(N(c3c1cccc3)CC[C@@H]1CCC[NH2+]C1)cc(SC)cc2,CSC1=CC=C2SC3=C(C=CC=C3)N(CCC4CCC[NH2+]C4)C2=C1,0.75,19.85,5.175,1
O(C)c1cc(ccc1OC)CC[NH2+]CCC[C@@](C(C)C)(C#N)c1cc(OC)c(OC)cc1,COC1=CC=C(CC[NH2+]CCCC(C#N)(C(C)C)C2=CC=C(OC)C(=C2)OC)C=C1OC,-0.64,77.32,5.083,1
s1c2Nc3c(N=C(N4CC[NH+](CC4)C)c2cc1C)cccc3,C[NH+]1CCN(CC1)C2=NC3=C(NC4=C2C=C(C)S4)C=CC=C3,0.78,32.07,2.523,1
S(=O)(Cc1ncc(C)c(OC)c1C)c1[nH]c2cc(OC)ccc2n1,COC1=CC2=C(C=C1)N=C([NH]2)[S](=O)CC3=C(C)C(=C(C)C=N3)OC,-0.82,96.31,1.315,0
Clc1[nH+]c(N2CC[NH2+]CC2)ccc1C(F)(F)F,FC(F)(F)C1=CC=C([NH+]=C1Cl)N2CC[NH2+]CC2,1.64,33.99,2.676,3
FC(F)(F)c1cc([nH+]cc1)N1CC[NH+](CC1)CCCCN1CCCC1=O,FC(F)(F)C1=CC(=[NH+]C=C1)N2CC[NH+](CCCCN3CCCC3=O)CC2,0.16,42.13,2.372,3
Clc1cc2[C@@H]3[C@H](c4c(Oc2cc1)cccc4)C[NH2+]C3,ClC1=CC=C2OC3=CC=CC=C3C4C[NH2+]CC4C2=C1,0.39,25.84,3.28,1
O1c2c([C@H]3C[NH2+]CC[C@]3(O)c3c1cccc3)cccc2C,CC1=C2OC3=CC=CC=C3C4(O)CC[NH2+]CC4C2=CC=C1,0.52,46.07,2.937,1
o1nc(c2c1cccc2)-c1ccccc1[C@@H]([NH3+])CC=C,[NH3+]C(CC=C)C1=C(C=CC=C1)C2=NOC3=CC=CC=C23,0,53.67,3.713,1
Clc1cc2[C@@H]3[C@@H](c4c(Oc2cc1)cccc4)C[N@@H+](C3)C,C[NH+]1CC2C(C1)C3=CC(=CC=C3OC4=CC=CC=C24)Cl,1.03,13.67,3.548,1
Clc1cc2c(NC(=O)[C@@H](O)N=C2c2ccccc2)cc1,OC1N=C(C2=CC=CC=C2)C3=C(NC1=O)C=CC(=C3)Cl,0.58,61.69,2.416,0
O=C1N(C)C(=O)Nc2ncn(c12)C,C[N]1C=NC2=C1C(=O)N(C)C(=O)N2,0.06,67.23,-0.801,0
Oc1cc2c(C[C@H]3[N@@H+](CC[C@]2(C)[C@H]3C)C\C=C(\C)/C)cc1,CC1C2CC3=CC=C(O)C=C3C1(C)CC[NH+]2CC=C(C)C,0.545,24.67,3.716,1
O=C1NC(=O)NC(=O)C1([C@@H](CCC)C)CC,CCCC(C)C1(CC)C(=O)NC(=O)NC1=O,0.05,75.27,2.127,0
n12nnnc1CCCCC2,C1CC[N]2N=NN=C2CC1,-0.03,43.6,-0.073,0
S(C[C@@H]1C[C@@H]2[C@H]([N@H+](C1)CCC)Cc1c3c2cccc3[nH]c1)C,CCC[NH+]1CC(CSC)CC2C1CC3=C[NH]C4=C3C2=CC=C4,0.3,20.23,4.179,1
O(C)c1ccc(cc1C[NH2+][C@@H]1C2CC[NH+](CC2)[C@@H]1C(c1ccccc1)c1ccccc1)C(C)C,COC1=C(C[NH2+]C2C3CC[NH+](CC3)C2C(C4=CC=CC=C4)C5=CC=CC=C5)C=C(C=C1)C(C)C,0.48,30.28,6.928,2
FC(F)(F)Oc1cc(C[NH2+][C@@H]2CCC[NH2+][C@@H]2c2ccccc2)c(OC(F)F)cc1,FC(F)OC1=C(C[NH2+]C2CCC[NH2+]C2C3=CC=CC=C3)C=C(OC(F)(F)F)C=C1,0.88,51.68,5.862,2
FC(F)(F)Oc1cc(C[NH2+][C@@H]2CCC[NH2+][C@@H]2c2ccccc2)c(OC(C)C)cc1,CC(C)OC1=C(C[NH2+]C2CCC[NH2+]C2C3=CC=CC=C3)C=C(OC(F)(F)F)C=C1,0.41,51.68,6.051,2
S(=O)(=O)(C)c1cc(C[NH2+][C@@H]2CCC[NH2+][C@@H]2c2ccccc2)c(OC)cc1,COC1=C(C[NH2+]C2CCC[NH2+]C2C3=CC=CC=C3)C=C(C=C1)[S](C)(=O)=O,-0.15,76.59,3.047,2
S(=O)(=O)(N1CCc2cc(OC)c(cc12)C[NH2+][C@@H]1[C@@H]2CC[N@@H+](C2)[C@@H]1C(c1ccccc1)c1ccccc1)C,COC1=C(C[NH2+]C2C3CC[NH+](C3)C2C(C4=CC=CC=C4)C5=CC=CC=C5)C=C6N(CCC6=C1)[S](C)(=O)=O,-1,67.66,4.032,2
S(=O)(=O)(N1c2cc(C[NH2+][C@@H]3CCC[NH2+][C@@H]3c3ccccc3)c(OC)cc2C[C@H]1C)C,COC1=C(C[NH2+]C2CCC[NH2+]C2C3=CC=CC=C3)C=C4N(C(C)CC4=C1)[S](C)(=O)=O,-0.42,79.83,3,2
s1ccnc1-c1cc(C[NH2+][C@@H]2CCC[NH2+][C@@H]2c2ccccc2)c(OC)cc1,COC1=C(C[NH2+]C2CCC[NH2+]C2C3=CC=CC=C3)C=C(C=C1)C4=NC=CS4,0.36,55.34,4.457,2
O(C)c1ccc(N2CCCC2=O)cc1C[NH2+][C@@H]1CCC[NH2+][C@@H]1c1ccccc1,COC1=C(C[NH2+]C2CCC[NH2+]C2C3=CC=CC=C3)C=C(C=C1)N4CCCC4=O,-0.22,62.76,3.389,2
s1c2cc(OC)c(cc2nc1C)C[NH2+][C@@H]1CCC[NH2+][C@@H]1c1ccccc1,COC1=C(C[NH2+]C2CCC[NH2+]C2C3=CC=CC=C3)C=C4N=C(C)SC4=C1,0.48,55.34,4.478,2
s1c(C)c(nc1N(S(=O)(=O)C)c1cc(C[NH2+][C@@H]2CCC[NH2+][C@@H]2c2ccccc2)c(OC)cc1)C,COC1=C(C[NH2+]C2CCC[NH2+]C2C3=CC=CC=C3)C=C(C=C1)N(C4=NC(=C(C)S4)C)[S](C)(=O)=O,-0.37,92.72,4.537,2
o1c2cc(OC)c(cc2nc1C)C[NH2+][C@@H]1CCC[NH2+][C@@H]1c1ccccc1,COC1=C(C[NH2+]C2CCC[NH2+]C2C3=CC=CC=C3)C=C4N=C(C)OC4=C1,0.49,68.48,3.663,2
O(C)c1ccc(cc1C[NH2+][C@@H]1C2CC[NH+](CC2)[C@@H]1C(c1ccccc1)c1ccccc1)C(C)(C)C,COC1=C(C[NH2+]C2C3CC[NH+](CC3)C2C(C4=CC=CC=C4)C5=CC=CC=C5)C=C(C=C1)C(C)(C)C,0.46,30.28,7.284,2
O(C)c1ccc(-n2nc(cc2C)C)cc1C[NH2+][C@@H]1CCC[NH2+][C@@H]1c1ccccc1,COC1=C(C[NH2+]C2CCC[NH2+]C2C3=CC=CC=C3)C=C(C=C1)[N]4N=C(C)C=C4C,0.11,60.27,4.035,2
s1c2cc(OC)c(cc2nc1C(C)(C)C)C[NH2+][C@@H]1CCC[NH2+][C@@H]1c1ccccc1,COC1=C(C[NH2+]C2CCC[NH2+]C2C3=CC=CC=C3)C=C4N=C(SC4=C1)C(C)(C)C,0.85,55.34,5.679,2
s1c2cc(OC(C)C)c(cc2nc1C)C[NH2+][C@@H]1CCC[NH2+][C@@H]1c1ccccc1,CC(C)OC1=C(C[NH2+]C2CCC[NH2+]C2C3=CC=CC=C3)C=C4N=C(C)SC4=C1,0.32,55.34,5.281,2
s1c2cc(OC)c(cc2nc1-c1ccccc1)C[NH2+][C@@H]1CCC[NH2+][C@@H]1c1ccccc1,COC1=C(C[NH2+]C2CCC[NH2+]C2C3=CC=CC=C3)C=C4N=C(SC4=C1)C5=CC=CC=C5,1.26,55.34,6.14,2
s1c2cc(OC)c(cc2nc1C1CC1)C[NH2+][C@@H]1CCC[NH2+][C@@H]1c1ccccc1,COC1=C(C[NH2+]C2CCC[NH2+]C2C3=CC=CC=C3)C=C4N=C(SC4=C1)C5CC5,0.62,55.34,4.829,2
O(C)c1ccc(cc1C[NH2+][C@@H]1C2CC[NH+](CC2)[C@@H]1C(c1ccccc1)c1ccccc1)C(O)(C)C,COC1=C(C[NH2+]C2C3CC[NH+](CC3)C2C(C4=CC=CC=C4)C5=CC=CC=C5)C=C(C=C1)C(C)(C)O,-0.89,50.51,6.132,2
O(C)c1ccccc1C[NH2+][C@@H]1C2CC[NH+](CC2)[C@@H]1C(c1ccccc1)c1ccccc1,COC1=C(C[NH2+]C2C3CC[NH+](CC3)C2C(C4=CC=CC=C4)C5=CC=CC=C5)C=CC=C1,0.37,30.28,5.748,2
O(C)c1ccccc1C[NH2+][C@@H]1CCC[NH2+][C@@H]1c1ccccc1,COC1=C(C[NH2+]C2CCC[NH2+]C2C3=CC=CC=C3)C=CC=C1,0.87,42.45,3.812,2
O(C)c1ccc(cc1C[NH2+][C@@H]1CCC[NH2+][C@@H]1c1ccccc1)C(C)(C)C,COC1=C(C[NH2+]C2CCC[NH2+]C2C3=CC=CC=C3)C=C(C=C1)C(C)(C)C,0.98,42.45,5.348,2
FC(F)(F)Oc1cc(C[NH2+][C@@H]2CCC[NH2+][C@@H]2c2ccccc2)c(OC)cc1,COC1=C(C[NH2+]C2CCC[NH2+]C2C3=CC=CC=C3)C=C(OC(F)(F)F)C=C1,0.63,51.68,5.248,2
O(C)c1ccc(cc1C[NH2+][C@@H]1CCC[NH2+][C@@H]1c1ccccc1)C(C)C,COC1=C(C[NH2+]C2CCC[NH2+]C2C3=CC=CC=C3)C=C(C=C1)C(C)C,0.92,42.45,4.992,2
FC(F)(F)Oc1ccc(cc1C[NH2+][C@@H]1CCC[NH2+][C@@H]1c1ccccc1)C(C)(C)C,CC(C)(C)C1=CC(=C(OC(F)(F)F)C=C1)C[NH2+]C2CCC[NH2+]C2C3=CC=CC=C3,0.96,42.45,6.791,2
[NH+]1(CCCCC1)C1(CCCCC1)c1ccccc1,C1CC[NH+](CC1)C2(CCCCC2)C3=CC=CC=C3,0.52,4.44,4.974,1
O(C(=O)Nc1ccccc1)c1cc2c(N([C@H]3[N@@H+](CC[C@@]23C)C)C)cc1,CN1C2[NH+](C)CCC2(C)C3=C1C=CC(=C3)OC(=O)NC4=CC=CC=C4,1,46.01,3.373,1
O=C1N(N(C(=O)C1CCCC)c1ccccc1)c1ccccc1,CCCCC1C(=O)N(N(C1=O)C2=CC=CC=C2)C3=CC=CC=C3,-0.52,40.62,4.076,0
[O-]\[N+](=C\c1ccccc1)\C(C)(C)C,CC(C)(C)[N+](/[O-])=C\C1=CC=CC=C1,0.05,28.75,3.395,0
O=C1NC(=O)NC1(c1ccccc1)c1ccccc1,O=C1NC(=O)C(N1)(C2=CC=CC=C2)C3=CC=CC=C3,-0.096,58.2,2.449,0
O(C(=O)NC)c1cc2c(N([C@@H]3[N@H+](CC[C@@]23C)C)C)cc1,CNC(=O)OC1=CC2=C(C=C1)N(C)C3[NH+](C)CCC23C,0.079,46.01,1.719,1
O(C[C@@H](O)C[NH2+]C(C)C)c1c2c([nH]cc2)ccc1,CC(C)[NH2+]CC(O)COC1=C2C=C[NH]C2=CC=C1,-0.135,61.86,2.068,1
Clc1ccccc1-c1nc(cc2c1cccc2)C(=O)N([C@H](CC)C)C,CCC(C)N(C)C(=O)C1=NC(=C2C=CC=CC2=C1)C3=CC=CC=C3Cl,0.48,33.2,5.316,0
O=C([O-])c1ccc(cc1)-c1ccccc1,[O-]C(=O)C1=CC=C(C=C1)C2=CC=CC=C2,-1.26,40.13,3.664,2
O=C1NCNC(=O)C1(CC)c1ccccc1,CCC1(C(=O)NCNC1=O)C2=CC=CC=C2,-0.07,58.2,1.483,0
O(C(=O)c1ccc(N)cc1)CC[NH+](CC)CC,CC[NH+](CC)CCOC(=O)C1=CC=C(N)C=C1,0.05,56.76,1.734,1
S1c2c(N(c3c1cccc3)CCC[NH+](C)C)cccc2,C[NH+](C)CCCN1C2=C(SC3=C1C=CC=C3)C=CC=C2,0.88,7.68,3.995,1
S1(=O)c2c(N(c3c1cccc3)CCC[NH+](C)C)cccc2,C[NH+](C)CCCN1C2=C(C=CC=C2)[S](=O)C3=C1C=CC=C3,-0.48,43.96,2.227,1
OCC#C,OCC#C,-0.23,20.23,-0.098,0
Oc1c(cccc1C(C)C)C(C)C,CC(C)C1=C(O)C(=CC=C1)C(C)C,0.696,20.23,3.88,0
O(C[C@H](O)C[NH2+]C(C)C)c1c2c(ccc1)cccc2,CC(C)[NH2+]CC(O)COC1=C2C=CC=CC2=CC=C1,1.11,46.07,2.921,1
O(C(=O)c1ccc(N)cc1)CCC,CCCOC(=O)C1=CC=C(N)C=C1,0.55,52.32,2.13,0
[NH2+]([C@@H](CC1CCCCC1)C)C,C[NH2+]C(C)CC1CCCCC1,1.08,16.61,2.948,1
c12c3c4ccc1cccc2ccc3ccc4,C1=CC2=CC=C3C=CC=C4C=CC(=C1)C2=C34,0.23,0,4.912,0
O(C)c1ccc(cc1)CN(CC[NH+](C)C)c1[nH+]cccc1,COC1=CC=C(CN(CC[NH+](C)C)C2=CC=CC=[NH+]2)C=C1,0.495,31.05,3.11,3
O(C)c1cc2c(nccc2[C@H](O)[C@@H]2[N@@H+]3C[C@@H]([C@H](C2)CC3)C=C)cc1,COC1=CC2=C(C=C1)N=CC=C2C(O)C3CC4CC[NH+]3CC4C=C,-0.01,46.79,2.77,1
S(Cc1oc(cc1)C[NH+](C)C)CCN\C(\NC)=C\[N+](=O)[O-],CNC(/NCCSCC1=CC=C(C[NH+](C)C)O1)=C\[N+]([O-])=O,-1.23,87.46,0.93,1
O1CCc2c([nH]c3c2cccc3CC)[C@@]1(CC(=O)[O-])CC,CCC1=C2[NH]C3=C(CCOC3(CC)CC([O-])=O)C2=CC=C1,-1.424,65.15,3.857,2
O1[C@H](CO)[C@@H](O)[C@@H](O)[C@@H]1n1nc(nc1)C(=O)N,NC(=O)C1=N[N](C=N1)C2OC(CO)C(O)C2O,-0.668,143.72,-4.206,0
Fc1cc2onc(c2cc1)C1CC[NH+](CC1)CCC=1C(=O)N2C(=NC=1C)CCCC2,CC1=C(CC[NH+]2CCC(CC2)C3=NOC4=C3C=CC(=C4)F)C(=O)N5CCCCC5=N1,-0.02,63.14,2.796,1
O(C(=O)N(CC)C)c1cc(ccc1)[C@H]([NH+](C)C)C,CCN(C)C(=O)OC1=CC(=CC=C1)C(C)[NH+](C)C,0.88,33.98,2.569,1
s1c2c(-n3c(CN(C)C2=O)c(nc3)C(OC(C)(C)C)=O)cc1,CN1CC2=C(N=C[N]2C3=C(SC=C3)C1=O)C(=O)OC(C)(C)C,-0.25,64.43,1.601,0
O(c1cc(ccc1OC)[C@@H]1CC(=O)NC1)C1CCCC1,COC1=CC=C(C=C1OC2CCCC2)C3CNC(=O)C3,0.61,47.56,2.122,0
O=C1Nc2c(C1)c(ccc2)CC[NH+](CCC)CCC,CCC[NH+](CCC)CCC1=C2CC(=O)NC2=CC=C1,0.03,33.54,3.022,1
S(CCF)C(N)=N,NC(=N)SCCF,-0.273,49.87,0.668,0
Oc1ccc(cc1CO)[C@H](O)C[NH2+]C(C)(C)C,CC(C)(C)[NH2+]CC(O)C1=CC(=C(O)C=C1)CO,-1.21,77.3,1.529,1
Oc1ccccc1C(=O)[O-],OC1=C(C=CC=C1)C([O-])=O,-1.145,60.36,1.394,2
Oc1ccccc1C(=O)NCC(=O)[O-],OC1=CC=CC=C1C(=O)NCC([O-])=O,-0.44,89.46,0.521,2
O=C(N[C@@H](CC(=O)N)C(=O)N[C@H]([C@H](O)C[N@@H+]1C[C@@H]2[C@H](C[C@H]1C(=O)NC(C)(C)C)CCCC2)Cc1ccccc1)c1nc2c(cc1)cccc2,CC(C)(C)NC(=O)C1CC2CCCCC2C[NH+]1CC(O)C(CC3=CC=CC=C3)NC(=O)C(CC(N)=O)NC(=O)C4=NC5=C(C=CC=C5)C=C4,-0.967,167.95,3.314,1
O=C(N[C@H](CC)c1ccccc1)c1c2c(nc(-c3ccccc3)c1C)cccc2,CCC(NC(=O)C1=C(C)C(=NC2=C1C=CC=C2)C3=CC=CC=C3)C4=CC=CC=C4,0.3,41.99,6.484,0
O1[C@H]2[C@@H]3[NH+]([C@H]([C@@H]12)CC(OC(=O)[C@@H](CO)c1ccccc1)C3)C,C[NH+]1C2CC(CC1C3OC23)OC(=O)C(CO)C4=CC=CC=C4,0.23,63.5,1.326,1
O=C1NC(=O)NC(=O)C1([C@@H](CCC)C)CC=C,CCCC(C)C1(CC=C)C(=O)NC(=O)NC1=O,0.2,75.27,1.922,0
Clc1cc(ccc1Cl)[C@H]1CC[C@@H]([NH2+]C)c2c1cccc2,C[NH2+]C1CCC(C2=CC(=C(Cl)C=C2)Cl)C3=C1C=CC=C3,1.6,16.61,5.462,1
Brc1cccnc1CSCCNc1[nH]ccc1[N+](=O)[O-],[O-][N+](=O)C1=C(NCCSCC2=NC=CC=C2Br)[NH]C=C1,-0.67,86.53,2.693,0
s1cc(nc1\N=C(\N)/N)-c1ccccc1,NC(N)=NC1=NC(=CS1)C2=CC=CC=C2,-0.18,77.29,1.821,0
s1cc(nc1\N=C(\N)/N)C,CC1=CSC(=N1)N=C(N)N,-0.04,77.29,0.159,0
s1cc(nc1\N=C(\N)/N)-c1cc(N)ccc1,NC(N)=NC1=NC(=CS1)C2=CC(=CC=C2)N,-1.15,103.31,1.186,0
s1cc(nc1\N=C(\N)/N)-c1cc(NC(=O)C)ccc1,CC(=O)NC1=CC(=CC=C1)C2=CSC(=N2)N=C(N)N,-1.57,106.39,1.149,0
o1c(ccc1C[NH+](C)C)-c1cc(Nc2[nH]ccc2[N+](=O)[O-])ccc1,C[NH+](C)CC1=CC=C(O1)C2=CC=CC(=C2)NC3=C(C=C[NH]3)[N+]([O-])=O,-0.27,91.22,3.201,1
O=[N+]([O-])c1cc[nH]c1Nc1cc(ccc1)-c1nccc(c1)C[NH+](C)C,C[NH+](C)CC1=CC(=NC=C1)C2=CC=CC(=C2)NC3=C(C=C[NH]3)[N+]([O-])=O,-0.28,90.97,3.373,1
O(CCCNC(=O)C)c1cc(ccc1)C[NH+]1CCCCC1,CC(=O)NCCCOC1=CC=CC(=C1)C[NH+]2CCCCC2,-0.46,42.77,2.617,1
O(CCCNC(=O)c1ccccc1)c1cc(ccc1)C[NH+]1CCCCC1,O=C(NCCCOC1=CC(=CC=C1)C[NH+]2CCCCC2)C3=CC=CC=C3,-0.24,42.77,4.279,1
O(CCCO)c1cc(ccc1)C[NH+]1CCCCC1,OCCCOC1=CC=CC(=C1)C[NH+]2CCCCC2,-0.02,33.9,2.67,1
s1ccnc1NCCCOc1cc(ccc1)C[NH+]1CCCCC1,C1CC[NH+](CC1)CC2=CC=CC(=C2)OCCCNC3=NC=CS3,0.44,38.59,3.608,1
o1c2c(nc1NCCCOc1cc(ccc1)C[NH+]1CCCCC1)cccc2,C1CC[NH+](CC1)CC2=CC(=CC=C2)OCCCNC3=NC4=CC=CC=C4O3,0.22,51.73,4.439,1
Oc1c2NC(=O)Cc2c(cc1)CC[NH+](CCC)CCC,CCC[NH+](CCC)CCC1=C2CC(=O)NC2=C(O)C=C1,-0.282,53.77,2.712,1
S(Cc1oc(cc1)C[NH+](C)C)CCNC1=NC(=O)C(=CN1)Cc1cc2c(cc1)cccc2,C[NH+](C)CC1=CC=C(CSCCNC2=NC(=O)C(=CN2)CC3=CC=C4C=CC=CC4=C3)O1,-1.3,71.07,4,1
S(C(N)=N)C,CSC(N)=N,-0.601,49.87,0.553,0
S(=O)(=O)(Nc1ccc(cc1)[C@@H](O)C[NH2+]C(C)C)C,CC(C)[NH2+]CC(O)C1=CC=C(N[S](C)(=O)=O)C=C1,-0.28,83.01,1.012,1
Fc1ccc(cc1)C(=O)CCC[NH+]1CCC2(N(CNC2=O)c2ccccc2)CC1,FC1=CC=C(C=C1)C(=O)CCC[NH+]2CCC3(CC2)N(CNC3=O)C4=CC=CC=C4,0.26,53.85,3.328,1
O1[C@@H](C=C[C@@H]1N1C=C(C)C(=O)NC1=O)CO,CC1=CN(C2OC(CO)C=C2)C(=O)NC1=O,-0.481,78.87,-1.014,0
S1c2c(N(c3c1cccc3)CC[C@@H]1[N@@H+](CCCC1)C)cc(S(=O)(=O)C)cc2,C[NH+]1CCCCC1CCN2C3=CC=CC=C3SC4=C2C=C(C=C4)[S](C)(=O)=O,0.18,41.82,4.325,1
n1c2c(CCCC2)c(N)c2c1cccc2,NC1=C2CCCCC2=NC3=CC=CC=C13,-0.13,38.91,2.443,0
O=C(CCC1CC[NH+](CC1)Cc1ccccc1)c1cc2NCCCCc2cc1,O=C(CCC1CC[NH+](CC1)CC2=CC=CC=C2)C3=CC4=C(CCCCN4)C=C3,1.14,33.54,5.121,1
Brc1cc(C)c(nc1)CCCCNC=1NC(=O)C(=CN=1)Cc1ccc(nc1)C,CC1=NC=C(CC2=CN=C(NCCCCC3=C(C)C=C(Br)C=N3)NC2=O)C=C1,-1.875,79.27,2.733,0
[N@H+](Cc1c2c(ccc1)cccc2)(C\C=C\C#CC(C)(C)C)C,C[NH+](C\C=C\C#CC(C)(C)C)CC1=CC=CC2=C1C=CC=C2,0.088,4.44,5.892,1
OC(C1CC[NH+](CC1)CCC[C@@H](O)c1ccc(cc1)C(C)(C)C)(c1ccccc1)c1ccccc1,CC(C)(C)C1=CC=C(C=C1)C(O)CCC[NH+]2CCC(CC2)C(O)(C3=CC=CC=C3)C4=CC=CC=C4,0.64,44.9,7.653,1
ClCCN(CCCl)c1ccc(cc1)CCCC(OC(C)(C)C)=O,CC(C)(C)OC(=O)CCCC1=CC=C(C=C1)N(CCCl)CCCl,1,29.54,4.698,0
O=C1NC(=O)N(c2ncn(c12)C)C,C[N]1C=NC2=C1C(=O)NC(=O)N2C,-0.292,67.23,-0.801,0
O=C1N(C)C(=O)N(c2nc[nH]c12)C,CN1C(=O)N(C)C2=C([NH]C=N2)C1=O,-0.341,69.3,-0.994,0
S=C1NC(=O)C([C@@H](CCC)C)(CC)C(=O)N1,CCCC(C)C1(CC)C(=O)NC(=S)NC1=O,-0.205,90.29,1.983,0
S=C(NC1CCCCC1)N1CCC(CC1)c1[nH]cnc1,S=C(NC1CCCCC1)N2CCC(CC2)C3=CN=C[NH]3,-0.16,76.04,1.917,0
S1c2c(N(c3c1cccc3)CC[C@H]1[N@H+](CCCC1)C)cc(SC)cc2,CSC1=CC2=C(SC3=C(C=CC=C3)N2CCC4CCCC[NH+]4C)C=C1,0.285,7.68,5.719,1
O=C1CC=2C[C@H]([C@H]3[C@@H]4CC[C@@](O)(C#C)[C@]4(CC[C@@H]3C=2CC1)C)C,CC1CC2=C(CCC(=O)C2)C3CCC4(C)C(CCC4(O)C#C)C13,0.4,37.3,2.971,0
s1cc(nc1\N=C(\N)/N)CSCCN\C(=N\C#N)\NC,CNC(NCCSCC1=CSC(=N1)N=C(N)N)=NC#N,-0.82,137.5,-0.112,0
O(C[C@@H](O)C[NH2+]C(C)C)c1cc(ccc1)C,CC(C)[NH2+]CC(O)COC1=CC=CC(=C1)C,0.28,46.07,2.036,1
Clc1ccccc1C1=NCc2n(-c3c1cc(Cl)cc3)c(nn2)C,CC1=NN=C2CN=C(C3=CC=CC=C3Cl)C4=CC(=CC=C4[N]12)Cl,0.62,43.07,4.59,0
S1c2c(N(c3c1cccc3)CCC[NH+]1CC[NH+](CC1)CCO)cc(cc2)C(F)(F)F,OCC[NH+]1CC[NH+](CCCN2C3=C(SC4=C2C=C(C=C4)C(F)(F)F)C=CC=C3)CC1,1.52,32.35,3.798,2
S1c2c(N(c3c1cccc3)CCC[NH+]1CC[NH+](CC1)C)cc(cc2)C(F)(F)F,C[NH+]1CC[NH+](CCCN2C3=C(SC4=C2C=C(C=C4)C(F)(F)F)C=CC=C3)CC1,1.41,12.12,4.492,2
S1c2c(N(c3c1cccc3)CCC[NH+](C)C)cc(cc2)C(F)(F)F,C[NH+](C)CCCN1C2=C(SC3=C1C=C(C=C3)C(F)(F)F)C=CC=C2,1.44,7.68,4.967,1
[NH+](CC\C=C/1\c2c(CCc3c\1cccc3)cccc2)(C)C,C[NH+](C)CCC=C1C2=CC=CC=C2CCC3=CC=CC=C13,0.887,4.44,4.557,1
Clc1cc(Cl)ccc1NC1=[NH+]CCN1,ClC1=CC(=C(NC2=[NH+]CCN2)C=C1)Cl,0.16,38.03,2.983,3
Clc1ccc(Cl)cc1NC1=[NH+]CCN1,ClC1=CC(=C(Cl)C=C1)NC2=[NH+]CCN2,0.38,38.03,2.983,3
Clc1cc(C)c(NC2=[NH+]CCN2)cc1,CC1=C(NC2=[NH+]CCN2)C=CC(=C1)Cl,-0.87,38.03,2.689,3
Clc1cc(ccc1NC1=[NH+]CCN1)C,CC1=CC(=C(NC2=[NH+]CCN2)C=C1)Cl,-0.65,38.03,2.689,3
[NH+]=1CCNC=1Nc1ccc(cc1C)C,CC1=CC(=C(NC2=[NH+]CCN2)C=C1)C,-1.3,38.03,2.395,3
[NH+]=1CCNC=1Nc1ccccc1,C1C[NH+]=C(N1)NC2=CC=CC=C2,-1.89,38.03,1.764,3
[NH+]=1CCNC=1Nc1ccccc1C,CC1=C(NC2=[NH+]CCN2)C=CC=C1,-1.39,38.03,2.06,3
Clc1cc(Cl)cc(Cl)c1NC1=[NH+]CCN1,ClC1=CC(=C(NC2=[NH+]CCN2)C(=C1)Cl)Cl,0.47,38.03,3.61,3
Brc1cc(Br)cc(Br)c1NC1=[NH+]CCN1,BrC1=CC(=C(NC2=[NH+]CCN2)C(=C1)Br)Br,0.58,38.03,4.228,3
Brc1cccc(Br)c1NC1=[NH+]CCN1,BrC1=C(NC2=[NH+]CCN2)C(=CC=C1)Br,0.33,38.03,3.356,3
Brc1cc(Cl)c(NC2=[NH+]CCN2)c(Cl)c1,ClC1=C(NC2=[NH+]CCN2)C(=CC(=C1)Br)Cl,0.41,38.03,3.816,3
Brc1cc(C)c(NC2=[NH+]CCN2)c(c1)C,CC1=C(NC2=[NH+]CCN2)C(=CC(=C1)Br)C,-0.28,38.03,3.228,3
Fc1cccc(F)c1NC1=[NH+]CCN1,FC1=C(NC2=[NH+]CCN2)C(=CC=C1)F,-0.2,38.03,2.066,3
O=C(N)N,NC(N)=O,-0.142,69.11,-1.525,0
O(C)c1cc(ccc1OC)CC[N@H+](CCC[C@](C(C)C)(C#N)c1cc(OC)c(OC)cc1)C,COC1=C(OC)C=C(CC[NH+](C)CCCC(C#N)(C(C)C)C2=CC=C(OC)C(=C2)OC)C=C1,-0.47,65.15,5.351,1
O(C)c1cc2N([C@@H]3[C@@]4([C@H]5[N@H+](CC=C[C@@]5(CC)[C@@H](OC(=O)C)[C@]3(O)C(OC)=O)CC4)c2cc1[C@@]1(c2[nH]c3c(c2CC[N@H+]2C[C@@](O)(C[C@@H](C1)C2)CC)cccc3)C(OC)=O)C,CCC1(O)CC2C[NH+](CCC3=C([NH]C4=C3C=CC=C4)C(C2)(C(=O)OC)C5=CC6=C(C=C5OC)N(C)C7C(O)(C(OC(C)=O)C8(CC)C=CC[NH+]9CCC67C89)C(=O)OC)C1,-0.065,156.5,5.17,2
O(C)c1cc2N([C@@H]3[C@@]4([C@H]5[N@H+](CC=C[C@@]5(CC)[C@@H](OC(=O)C)[C@]3(O)C(OC)=O)CC4)c2cc1[C@@]1(c2[nH]c3c(c2CC[N@H+]2C[C@@](O)(C[C@H](C1)C2)CC)cccc3)C(OC)=O)C=O,CCC1(O)CC2C[NH+](CCC3=C([NH]C4=C3C=CC=C4)C(C2)(C(=O)OC)C5=CC6=C(C=C5OC)N(C=O)C7C(O)(C(OC(C)=O)C8(CC)C=CC[NH+]9CCC67C89)C(=O)OC)C1,-1.03,173.57,4.72,2
O,O,-0.04,0,-0.062,0
[nH+]1ccc(cc1N(C)C)-c1nc([nH]n1)N,CN(C)C1=[NH+]C=CC(=C1)C2=N[NH]C(=N2)N,-1.17,84.97,0.7,2
Brc1cccnc1CSCCN\C(=N/C#N)\NCC,CCNC(NCCSCC1=C(Br)C=CC=N1)=NC#N,-2.15,73.1,1.799,0
[NH2+](CCc1ncccc1)C,C[NH2+]CCC1=CC=CC=N1,-0.348,29.5,0.504,1
s1ccnc1CC[NH3+],[NH3+]CCC1=NC=CS1,-0.42,40.53,-0.102,1
O1[C@@H](CC[C@@H]1N1C=CC(=NC1=O)N)CO,NC1=NC(=O)N(C=C1)C2CCC(CO)O2,-1.175,88.15,-0.499,0
O1[C@H](CO)[C@@H](N=[N+]=[N-])C[C@@H]1N1C=C(C)C(=O)NC1=O,CC1=CN(C2CC(N=[N+]=[N-])C(CO)O2)C(=O)NC1=O,-0.72,103.59,-2.075,0
s1c2c(nc1NCCCOc1cc(ccc1)C[NH+]1CCCCC1)cccc2,C1CC[NH+](CC1)CC2=CC(=CC=C2)OCCCNC3=NC4=C(S3)C=CC=C4,0.14,38.59,5.254,1
O=C(N(C)C)Cc1n2C=C(C=Cc2nc1-c1ccc(cc1)C)C,CN(C)C(=O)CC1=C(N=C2C=CC(=C[N]12)C)C3=CC=C(C)C=C3,-0.48,38.13,2.56,0